{"successful_requests": 100, "slowest": 1.3653547580000005, "fastest": 0.7839832260000001, "total_time": 9.621481929, "request_per_second": 10, "request_per_minute": 624}